{
    "AWSTemplateFormatVersion": "2010-09-09",
    "Description": "Template that launches an EC2 instance and an inspector configuration that is targeted at that instance",
    "Parameters": {
        "DeployBucket": {
            "Description": "Bucket holding assets that get deployed by this template",
            "MinLength": "1",
            "Type": "String"
        }
    },
    "Mappings": {
        "RulesPackageCVEMap": {
            "eu-north-1": {"Package": "arn:aws:inspector:eu-north-1:453420244670:rulespackage/0-IgdgIewd"},
            "ap-south-1": {"Package": "arn:aws:inspector:ap-south-1:162588757376:rulespackage/0-LqnJE9dO"},
            "eu-west-2": {"Package": "arn:aws:inspector:eu-west-2:146838936955:rulespackage/0-kZGCqcE1"},
            "eu-west-1": {"Package": "arn:aws:inspector:eu-west-1:357557129151:rulespackage/0-ubA5XvBh"},
            "ap-northeast-2": {"Package": "arn:aws:inspector:ap-northeast-2:526946625049:rulespackage/0-PoGHMznc"},
            "ap-northeast-1": {"Package": "arn:aws:inspector:ap-northeast-1:406045910587:rulespackage/0-gHP9oWNT"},
            "ap-southeast-2": {"Package": "arn:aws:inspector:ap-southeast-2:454640832652:rulespackage/0-D5TGAxiR"},
            "eu-central-1": {"Package": "arn:aws:inspector:eu-central-1:537503971621:rulespackage/0-wNqHa8M9"},
            "us-east-1": {"Package": "arn:aws:inspector:us-east-1:316112463485:rulespackage/0-gEjTy7T7"},
            "us-east-2": {"Package": "arn:aws:inspector:us-east-2:646659390643:rulespackage/0-JnA8Zp85"},
            "us-west-1": {"Package": "arn:aws:inspector:us-west-1:166987590008:rulespackage/0-TKgzoVOa"},
            "us-west-2": {"Package": "arn:aws:inspector:us-west-2:758058086616:rulespackage/0-9hgA516p"}
        },
        "RulesPackageNetworkMap": {
            "eu-north-1": {"Package": "arn:aws:inspector:eu-north-1:453420244670:rulespackage/0-52Sn74uu"},
            "ap-south-1": {"Package": "arn:aws:inspector:ap-south-1:162588757376:rulespackage/0-YxKfjFu1"},
            "eu-west-2": {"Package": "arn:aws:inspector:eu-west-2:146838936955:rulespackage/0-AizSYyNq"},
            "eu-west-1": {"Package": "arn:aws:inspector:eu-west-1:357557129151:rulespackage/0-SPzU33xe"},
            "ap-northeast-2": {"Package": "arn:aws:inspector:ap-northeast-2:526946625049:rulespackage/0-s3OmLzhL"},
            "ap-northeast-1": {"Package": "arn:aws:inspector:ap-northeast-1:406045910587:rulespackage/0-YI95DVd7"},
            "ap-southeast-2": {"Package": "arn:aws:inspector:ap-southeast-2:454640832652:rulespackage/0-FLcuV4Gz"},
            "eu-central-1": {"Package": "arn:aws:inspector:eu-central-1:537503971621:rulespackage/0-6yunpJ91"},
            "us-east-1": {"Package": "arn:aws:inspector:us-east-1:316112463485:rulespackage/0-PmNV0Tcd"},
            "us-east-2": {"Package": "arn:aws:inspector:us-east-2:646659390643:rulespackage/0-cE4kTR30"},
            "us-west-1": {"Package": "arn:aws:inspector:us-west-1:166987590008:rulespackage/0-TxmXimXF"},
            "us-west-2": {"Package": "arn:aws:inspector:us-west-2:758058086616:rulespackage/0-rD1z6dpl"}


        }
    },
    "Resources": {
    	"InspectorResourceGroup":{
    		"Type": "AWS::Inspector::ResourceGroup",
    		"Properties": {
    			"ResourceGroupTags": [
    				{
    					"Key": "Name",
    					"Value": "WKSHP-InspectorTarget"
					}
    			]
    		}
    	},
    	"InspectorAssessmentTarget": {
    		"Type": "AWS::Inspector::AssessmentTarget",
    		"Properties": {
    			"AssessmentTargetName": {"Fn::Join": [ "-",
    										[
    											"WKSHP-InspectorAssessmentTarget",
    												{"Fn::Select": [2, {"Fn::Split" : ["/", {"Ref": "AWS::StackId"} ]} ]}
    										]
    									 ]
    									},
    			"ResourceGroupArn": {"Ref": "InspectorResourceGroup"}
    		}
    	},
    	"InspectorAssessmentTemplate": {
    		"Type": "AWS::Inspector::AssessmentTemplate",
    		"Properties": {
    			"AssessmentTargetArn": {"Ref": "InspectorAssessmentTarget"},
    			"AssessmentTemplateName": {"Fn::Join": [ "-",
    										[
    											"WKSHP-InspectorAssessmentTemplate",
    												{"Fn::Select": [2, {"Fn::Split" : ["/", {"Ref": "AWS::StackId"} ]} ]}
    										]
    									 ]
    									},
    			"DurationInSeconds": 180,
    			"RulesPackageArns": [ { "Fn::FindInMap" : [ "RulesPackageCVEMap", { "Ref" : "AWS::Region" }, "Package"]},
                                        { "Fn::FindInMap" : [ "RulesPackageNetworkMap", { "Ref" : "AWS::Region" }, "Package"]}
                                    ],
    			"UserAttributesForFindings": [
    				{
    					"Key": "FindingInfo",
    					"Value": "WKSHP-InspectorFinding"
    				}
    			]
    		}
        },
        "InspectorAssessmentParam" : {
            "Type" : "AWS::SSM::Parameter",
            "Properties" : {
                "Description" : "Param used in Security Hub workshop setup",
                "Type" : "String",
                "Value" : "Not Started"
              }
        },
    	"InspectorRunLambdaRole":{
            "Type": "AWS::IAM::Role",
            "Properties": {
                "RoleName": "InspectorRunLambdaRole",
                "Path": "/",
                "AssumeRolePolicyDocument": {
                    "Version" : "2012-10-17",
                    "Statement": [ {
                        "Effect": "Allow",
                        "Principal": {
                            "Service": [ "lambda.amazonaws.com" ]
                        },
                        "Action": [ "sts:AssumeRole" ]
                    } ]
                },
                "Policies": [ {
                    "PolicyName": "LambdaPolicyName",
                    "PolicyDocument": {
                        "Version": "2012-10-17",
                        "Statement": [
                            {
                                "Effect": "Allow",
                                "Action": "logs:CreateLogGroup",
                                "Resource": {"Fn::Join": [
                                            "", [
                                                "arn:aws:logs:",
                                                {"Ref": "AWS::Region"},
                                                ":",
                                                {"Ref": "AWS::AccountId"},
                                                ":*"
                                            ]
                                        ]}  
                            },
                            {   
                                "Effect": "Allow",
                                "Action": [
                                    "logs:CreateLogStream",
                                    "logs:PutLogEvents"
                                ],
                                "Resource": {"Fn::Join": [
                                            "", [
                                                "arn:aws:logs:",
                                                {"Ref": "AWS::Region"},
                                                ":",
                                                {"Ref": "AWS::AccountId"},
                                                ":log-group:/aws/lambda/inspector-run-assessment:*"
                                            ]
                                        ]}
                            },
                            {   
                                "Effect": "Allow",
                                "Action": [
                                    "ssm:GetParameter",
                                    "ssm:PutParameter"
                                ],
                                "Resource": {"Fn::Join": [
                                            "", [
                                                "arn:aws:ssm:",
                                                {"Ref": "AWS::Region"},
                                                ":",
                                                {"Ref": "AWS::AccountId"},
                                                ":parameter/",
                                                {"Ref":"InspectorAssessmentParam"}
                                            ]
                                        ]}
                            },
                            {
                                "Effect": "Allow",
                                "Action": [
                                    "inspector:StartAssessmentRun"
                                ],
                                "Resource": "*"
                            }
                        ]
                    }
                }]
            }
        },
    	"InspectorRunLambda": {
    		"Type": "AWS::Lambda::Function",
    		"Properties": {
                "Code": {
                    "S3Bucket": {"Ref": "DeployBucket"},
                    "S3Key": "inspector-run-assessment.zip"
                },
               	"Description": "Function that runs an inspector assessment",
               	"FunctionName": "inspector-run-assessment",
               	"Runtime": "python3.7",
              	"Handler": "inspector-run-assessment.lambda_handler",
              	"Role": {
                        "Fn::GetAtt": [
                            "InspectorRunLambdaRole",
                            "Arn"
                        ]
                    },
                    "Environment": {
                        "Variables" : {
                            "Inspector_Assement_Template_ARN": {"Ref": "InspectorAssessmentTemplate"},
                            "Inspector_Assement_Complete_Param": {"Ref":"InspectorAssessmentParam"}
                        }
    				}
    		}
		},
		"InspectorRunRule": {
            "Type": "AWS::Events::Rule",
            "Properties": {
                "Description": "Inspector Run Assessment CRON",
                "ScheduleExpression": "rate(15 minutes)",
                "State": "ENABLED",
                "Targets": [
                    {
                        "Arn": {
                            "Fn::GetAtt": [
                                "InspectorRunLambda",
                                "Arn"
                            ]
                        },
                        "Id": "InspectorRunLambdaId"
                    }
                ]
            }
        },
        "InspectorLambdaInvokePermission": {
        	"Type": "AWS::Lambda::Permission",
        	"Properties": {
        		"FunctionName": {
        			"Fn::GetAtt": [
                                "InspectorRunLambda",
                                "Arn"
                            ]
                   	},
             	"Action": "lambda:InvokeFunction",
             	"Principal": "events.amazonaws.com",
             	"SourceArn": {
             		"Fn::GetAtt": [
             		   "InspectorRunRule",
                		"Arn"
            		]
             	}
        	}
        }
	}
}


